run_id,timestamp_utc,tag,git_commit,git_dirty,config,n,median_s,p95_s,mean_s,rtf,wer,cer,load_s,warmup_s,peak_rss_mb,gpu_peak_mb,error
20261006-120925,2026-10-06T12:09:25.945554+00:00,baseline,a489d1e,True,medium/hf-fp16/gpu,24,0.28760575350315776,0.552575907151913,0.3134822160852006,0.09741728155592685,0.06302521008403361,0.04402985074626865,6.583127485995647,0.6114671940013068,2347.40625,1617.93017578125,
20261006-120925,2026-10-06T12:09:25.945554+00:00,baseline,a489d1e,True,medium/hf-fp32/cpu-4t,24,5.260325699506211,6.025240915069298,5.263185619126792,1.6355799756124842,0.06302521008403361,0.04402985074626865,6.0289043100201525,5.593626517496887,5137.9140625,,
20261006-120925,2026-10-06T12:09:25.945554+00:00,baseline,a489d1e,True,medium/hf-fp32/cpu-8t,24,4.845634046490886,5.8212124943558585,4.9516245676289445,1.53875971239418,0.06302521008403361,0.04402985074626865,6.514911844016751,5.08956806549395,5138.1875,,
20261006-120925,2026-10-06T12:09:25.945554+00:00,baseline,a489d1e,True,medium/hf-int8dyn/cpu-4t,24,3.407613682502415,4.011990436953783,3.4536553847962446,1.0732529686034786,0.06722689075630252,0.050746268656716415,11.79954394698143,3.538877817511093,7667.75390625,,
20261006-120925,2026-10-06T12:09:25.945554+00:00,baseline,a489d1e,True,medium/hf-int8dyn/cpu-8t,24,3.3435312770016026,3.940628921243478,3.393353569042423,1.0545136632706775,0.06722689075630252,0.050746268656716415,11.448403565009357,3.501444983005058,7685.80859375,,
20261006-120925,2026-10-06T12:09:25.945554+00:00,baseline,a489d1e,True,medium/ct2-int8/cpu-2t,24,3.80928100500023,4.058878445958544,3.788752634792521,1.1773873069374647,0.07563025210084033,0.05223880597014925,6.157139682996785,4.368475248498726,2242.453125,,
20261006-120925,2026-10-06T12:09:25.945554+00:00,baseline,a489d1e,True,medium/ct2-int8/cpu-4t,24,2.53853770250862,2.951937944041856,2.6049085453329703,0.8094976243219238,0.07983193277310924,0.05373134328358209,6.114394064003136,2.651327100000344,2267.45703125,,
20261006-120925,2026-10-06T12:09:25.945554+00:00,baseline,a489d1e,True,medium/ct2-int8/cpu-8t,24,2.6861562929989304,2.867951570205332,2.6894415226258084,0.8357669704830438,0.07563025210084033,0.05223880597014925,5.073992157995235,2.72539753250021,2233.44140625,,
20261006-120925,2026-10-06T12:09:25.945554+00:00,baseline,a489d1e,True,small/hf-fp32/cpu-4t,24,1.666498300503008,1.9965048567508346,1.7315984455841924,0.5381090366843436,0.06302521008403361,0.03880597014925373,5.710297140001785,1.8303707360028056,2001.86328125,,
20261006-120925,2026-10-06T12:09:25.945554+00:00,baseline,a489d1e,True,small/ct2-int8/cpu-2t,24,1.3095164525002474,1.4747822986988466,1.328166056212164,0.4127389689496126,0.07983193277310924,0.05,5.278145125019364,1.3758128129993565,1434.6484375,,
20261006-120925,2026-10-06T12:09:25.945554+00:00,baseline,a489d1e,True,small/ct2-int8/cpu-4t,24,0.9630791225063149,1.0427786208660108,0.9650516388743805,0.2998980560820161,0.07983193277310924,0.05,5.470472793007502,1.0325977129978128,1431.0234375,,
20261006-120925,2026-10-06T12:09:25.945554+00:00,baseline,a489d1e,True,small/ct2-int8/cpu-8t,24,1.0327465780137572,1.1874185858425335,1.042759563587121,0.3240464587423135,0.07142857142857142,0.04402985074626865,5.304191900999285,1.1628032465087017,1454.82421875,,
20261006-120925,2026-10-06T12:09:25.945554+00:00,baseline,a489d1e,True,ner/spacy/cpu,100,0.0010062460059998557,0.0013009417001740074,0.001060682150127832,,,,2.3578249489946757,,904.98828125,,
20261006-125539,2026-10-06T12:55:39.910192+00:00,short-window,7b0dd21,True,medium/hf-fp16-dynwin/gpu,24,0.24968733249988873,0.4904770334454949,0.26997241816449485,0.08389623947763916,0.06302521008403361,0.04328358208955224,1.9784876290068496,0.8155061805009609,2347.3046875,1525.98388671875,
20261006-125539,2026-10-06T12:55:39.910192+00:00,short-window,7b0dd21,True,medium/hf-fp32-dynwin/cpu-4t,24,2.082096077981987,2.851245393864519,2.137907559457138,0.6643730711779052,0.06302521008403361,0.04328358208955224,0.9855135859979782,2.2647265769919613,5137.23046875,,
20261006-125539,2026-10-06T12:55:39.910192+00:00,short-window,7b0dd21,True,medium/hf-int8dyn-dynwin/cpu-4t,24,1.2843108730157837,1.7011658509509284,1.2875976671275566,0.4001319948409076,0.06302521008403361,0.04328358208955224,6.894889668998076,1.209693311509909,7657.98828125,,
20261006-125539,2026-10-06T12:55:39.910192+00:00,short-window,7b0dd21,True,medium/ct2-int8-dynwin/cpu-2t,24,0.9669344674912281,1.216342907490616,0.9932503794601265,0.30866105605525074,0.07983193277310924,0.05522388059701493,0.8409896139928605,1.0855797910044203,2222.0859375,,
20261006-125539,2026-10-06T12:55:39.910192+00:00,short-window,7b0dd21,True,medium/ct2-int8-dynwin/cpu-4t,24,0.7105545890080975,0.9240482296503613,0.7295133750437041,0.22670252476501504,0.07983193277310924,0.05522388059701493,0.7295389780192636,0.7959107985079754,2222.171875,,
20261006-125539,2026-10-06T12:55:39.910192+00:00,short-window,7b0dd21,True,medium/ct2-int8-dynwin/cpu-8t,24,0.9258529034996172,1.1614031826000424,0.9314359537917577,0.28945169424597755,0.07983193277310924,0.05522388059701493,0.729418128990801,0.9596523369982606,2221.62890625,,
20261006-125539,2026-10-06T12:55:39.910192+00:00,short-window,7b0dd21,True,small/hf-fp32-dynwin/cpu-4t,24,0.710755213003722,1.0243475133422177,0.7235041408348479,0.22483510380515895,0.08403361344537816,0.049253731343283584,0.9781260400195606,0.8000860205065692,1813.84765625,,
20261006-125539,2026-10-06T12:55:39.910192+00:00,short-window,7b0dd21,True,small/ct2-int8-dynwin/cpu-2t,24,0.3033424715104047,0.40631894629332227,0.317970538961769,0.09881206630270094,0.07142857142857142,0.04402985074626865,0.4074560629960615,0.34061094450589735,1277.16015625,,
20261006-125539,2026-10-06T12:55:39.910192+00:00,short-window,7b0dd21,True,small/ct2-int8-dynwin/cpu-4t,24,0.2578081785031827,0.33089764029282376,0.2617634892061081,0.08134524454849008,0.07142857142857142,0.04402985074626865,0.31161097399308346,0.30862426800013054,1277.01171875,,
20261006-125539,2026-10-06T12:55:39.910192+00:00,short-window,7b0dd21,True,small/ct2-int8-dynwin/cpu-8t,24,0.32528847600042354,0.40599210204818514,0.33063439933539485,0.10274746929623839,0.07142857142857142,0.04402985074626865,0.3014638730091974,0.3577830654976424,1284.359375,,
20261006-130119,2026-10-06T13:01:19.020115+00:00,accuracy-300,7b0dd21,True,medium/hf-fp16/gpu,300,0.32633842798531987,0.6069649637196562,0.34335538394438725,0.09155841937724267,0.04531051964512041,0.03032503071596113,1.6212375100003555,0.5415277874999447,2411.51953125,1619.24267578125,
20261006-130119,2026-10-06T13:01:19.020115+00:00,accuracy-300,7b0dd21,True,medium/hf-fp16-dynwin/gpu,300,0.2603005455021048,0.553430178781855,0.28545687012995286,0.07611932432580268,0.04531051964512041,0.02898469786663688,1.6864776489965152,0.5003985090006609,2413.17578125,1574.34326171875,
20261006-130119,2026-10-06T13:01:19.020115+00:00,accuracy-300,7b0dd21,True,medium/ct2-int8/cpu-4t,300,2.723145771000418,3.1629211113555358,2.7542549524931625,0.7344437914888237,0.044993662864385296,0.02959901708924383,0.7626002760080155,2.7478508409985807,2314.09765625,,
20261006-130119,2026-10-06T13:01:19.020115+00:00,accuracy-300,7b0dd21,True,medium/ct2-int8-dynwin/cpu-4t,300,0.7402320904948283,1.0452750895463396,0.7635823183503817,0.20361524356902197,0.04277566539923954,0.028202837037864404,0.6653427430137526,0.7093278350075707,2286.078125,,
20261006-130119,2026-10-06T13:01:19.020115+00:00,accuracy-300,7b0dd21,True,medium/hf-int8dyn-dynwin/cpu-4t,300,1.237833925508312,1.8136591525922998,1.2936580716395596,0.34496412111922564,0.06780735107731306,0.045124539260583046,6.615480631997343,1.336866611498408,7749.1171875,,
20261006-130119,2026-10-06T13:01:19.020115+00:00,accuracy-300,7b0dd21,True,small/hf-fp32/cpu-4t,300,1.64454213049612,2.108831118948001,1.671238529222804,0.4456489261364589,0.058935361216730035,0.0376968613872445,0.4952203680004459,1.7837638880009763,2084.6640625,,
20261006-130119,2026-10-06T13:01:19.020115+00:00,accuracy-300,7b0dd21,True,small/hf-fp32-dynwin/cpu-4t,300,0.7203532824787544,1.1556104572387995,0.7583926875864078,0.20223138762232762,0.06305449936628643,0.04132692952083101,0.45739629899617285,0.7049525975016877,1953.3203125,,
20261006-130119,2026-10-06T13:01:19.020115+00:00,accuracy-300,7b0dd21,True,small/ct2-int8-dynwin/cpu-4t,300,0.2545647505176021,0.35922776554070884,0.2643732281595779,0.07049720501796657,0.06685678073510773,0.04400759521947951,0.272476820013253,0.27258440099831205,1419.21484375,,
